ritz_wl_vac(A),Aki(s^-1),fik,Acc,Ei(eV),Ek(eV),conf_i,term_i,J_i,conf_k,term_k,J_k,Type,
"=""912.323660""","=""1.2258e+02""","=""2.4474e-05""",AAA,"=""0.00000000000000""","=""[13.58993566]""","=""1s""","=""2S""","=""1/2""","=""40""","=""""","=""""",,
"=""912.353295""","=""1.3913e+02""","=""2.6407e-05""",AAA,"=""0.00000000000000""","=""[13.58949423]""","=""1s""","=""2S""","=""1/2""","=""39""","=""""","=""""",,
"=""912.385303""","=""1.5843e+02""","=""2.8550e-05""",AAA,"=""0.00000000000000""","=""[13.58901750]""","=""1s""","=""2S""","=""1/2""","=""38""","=""""","=""""",,
"=""912.419943""","=""1.8103e+02""","=""3.0931e-05""",AAA,"=""0.00000000000000""","=""[13.58850159]""","=""1s""","=""2S""","=""1/2""","=""37""","=""""","=""""",,
"=""912.457513""","=""2.0762e+02""","=""3.3585e-05""",AAA,"=""0.00000000000000""","=""[13.58794208]""","=""1s""","=""2S""","=""1/2""","=""36""","=""""","=""""",,
"=""912.498352""","=""2.3903e+02""","=""3.6551e-05""",AAA,"=""0.00000000000000""","=""[13.58733395]""","=""1s""","=""2S""","=""1/2""","=""35""","=""""","=""""",,
"=""912.542852""","=""2.7631e+02""","=""3.9877e-05""",AAA,"=""0.00000000000000""","=""[13.58667137]""","=""1s""","=""2S""","=""1/2""","=""34""","=""""","=""""",,
"=""912.591463""","=""3.2081e+02""","=""4.3619e-05""",AAA,"=""0.00000000000000""","=""[13.58594765]""","=""1s""","=""2S""","=""1/2""","=""33""","=""""","=""""",,
"=""912.644709""","=""3.7418e+02""","=""4.7845e-05""",AAA,"=""0.00000000000000""","=""[13.58515502]""","=""1s""","=""2S""","=""1/2""","=""32""","=""""","=""""",,
"=""912.703197""","=""4.3857e+02""","=""5.2635e-05""",AAA,"=""0.00000000000000""","=""[13.58428445]""","=""1s""","=""2S""","=""1/2""","=""31""","=""""","=""""",,
"=""912.767639""","=""5.1673e+02""","=""5.8087e-05""",AAA,"=""0.00000000000000""","=""[13.58332538]""","=""1s""","=""2S""","=""1/2""","=""30""","=""""","=""""",,
"=""912.838873""","=""6.1221e+02""","=""6.4319e-05""",AAA,"=""0.00000000000000""","=""[13.58226541]""","=""1s""","=""2S""","=""1/2""","=""29""","=""""","=""""",,
"=""912.917887""","=""7.2967e+02""","=""7.1476e-05""",AAA,"=""0.00000000000000""","=""[13.58108984]""","=""1s""","=""2S""","=""1/2""","=""28""","=""""","=""""",,
"=""913.005859""","=""8.7524e+02""","=""7.9736e-05""",AAA,"=""0.00000000000000""","=""[13.57978125]""","=""1s""","=""2S""","=""1/2""","=""27""","=""""","=""""",,
"=""913.104195""","=""1.0571e+03""","=""8.9321e-05""",AAA,"=""0.00000000000000""","=""[13.57831878]""","=""1s""","=""2S""","=""1/2""","=""26""","=""""","=""""",,
"=""913.214592""","=""1.2862e+03""","=""1.0051e-04""",AAA,"=""0.00000000000000""","=""[13.57667733]""","=""1s""","=""2S""","=""1/2""","=""25""","=""""","=""""",,
"=""913.339105""","=""1.5776e+03""","=""1.1364e-04""",AAA,"=""0.00000000000000""","=""[13.57482645]""","=""1s""","=""2S""","=""1/2""","=""24""","=""""","=""""",,
"=""913.480251""","=""1.9519e+03""","=""1.2917e-04""",AAA,"=""0.00000000000000""","=""[13.57272894]""","=""1s""","=""2S""","=""1/2""","=""23""","=""""","=""""",,
"=""913.641133""","=""2.4380e+03""","=""1.4767e-04""",AAA,"=""0.00000000000000""","=""[13.57033894]""","=""1s""","=""2S""","=""1/2""","=""22""","=""""","=""""",,
"=""913.825609""","=""3.0769e+03""","=""1.6987e-04""",AAA,"=""0.00000000000000""","=""[13.56759946]""","=""1s""","=""2S""","=""1/2""","=""21""","=""""","=""""",,
"=""914.038537""","=""3.9276e+03""","=""1.9677e-04""",AAA,"=""0.00000000000000""","=""[13.56443886]""","=""1s""","=""2S""","=""1/2""","=""20""","=""""","=""""",,
"=""914.286086""","=""5.0767e+03""","=""2.2967e-04""",AAA,"=""0.00000000000000""","=""[13.56076619]""","=""1s""","=""2S""","=""1/2""","=""19""","=""""","=""""",,
"=""914.576201""","=""6.6540e+03""","=""2.7035e-04""",AAA,"=""0.00000000000000""","=""[13.55646454]""","=""1s""","=""2S""","=""1/2""","=""18""","=""""","=""""",,
"=""914.919242""","=""8.8574e+03""","=""3.2124e-04""",AAA,"=""0.00000000000000""","=""[13.55138166]""","=""1s""","=""2S""","=""1/2""","=""17""","=""""","=""""",,
"=""915.328932""","=""1.1997e+04""","=""3.8577e-04""",AAA,"=""0.00000000000000""","=""[13.54531624]""","=""1s""","=""2S""","=""1/2""","=""16""","=""""","=""""",,
"=""915.823751""","=""1.6572e+04""","=""4.6886e-04""",AAA,"=""0.00000000000000""","=""[13.53799772]""","=""1s""","=""2S""","=""1/2""","=""15""","=""""","=""""",,
"=""916.429076""","=""2.3409e+04""","=""5.7769e-04""",AAA,"=""0.00000000000000""","=""[13.52905552]""","=""1s""","=""2S""","=""1/2""","=""14""","=""""","=""""",,
"=""917.180514""","=""3.3927e+04""","=""7.2310e-04""",AAA,"=""0.00000000000000""","=""[13.51797128]""","=""1s""","=""2S""","=""1/2""","=""13""","=""""","=""""",,
"=""918.129300""","=""5.0659e+04""","=""9.2190e-04""",AAA,"=""0.00000000000000""","=""13.50400193""","=""1s""","=""2S""","=""1/2""","=""12""","=""""","=""""",,
"=""918.1293046""","=""2.4317e+06""","=""6.1461e-04""",AAA,"=""0.00000000000000""","=""[13.504001867]""","=""1s""","=""2S""","=""1/2""","=""12p""","=""2P*""","=""3/2""",,
"=""918.1293188""","=""2.4316e+06""","=""3.0729e-04""",AAA,"=""0.00000000000000""","=""[13.504001658]""","=""1s""","=""2S""","=""1/2""","=""12p""","=""2P*""","=""1/2""",,
"=""919.351334""","=""7.8340e+04""","=""1.2011e-03""",AAA,"=""0.00000000000000""","=""13.48605194""","=""1s""","=""2S""","=""1/2""","=""11""","=""""","=""""",,
"=""919.3513419""","=""3.1597e+06""","=""8.0074e-04""",AAA,"=""0.00000000000000""","=""[13.486051827]""","=""1s""","=""2S""","=""1/2""","=""11p""","=""2P*""","=""3/2""",,
"=""919.3513605""","=""3.1597e+06""","=""4.0037e-04""",AAA,"=""0.00000000000000""","=""[13.486051554]""","=""1s""","=""2S""","=""1/2""","=""11p""","=""2P*""","=""1/2""",,
"=""920.963006""","=""1.2631e+05""","=""1.6062e-03""",AAA,"=""0.00000000000000""","=""13.46245155""","=""1s""","=""2S""","=""1/2""","=""10""","=""""","=""""",,
"=""920.9630145""","=""4.2105e+06""","=""1.0708e-03""",AAA,"=""0.00000000000000""","=""[13.462451421]""","=""1s""","=""2S""","=""1/2""","=""10p""","=""2P*""","=""3/2""",,
"=""920.9630394""","=""4.2104e+06""","=""5.3538e-04""",AAA,"=""0.00000000000000""","=""[13.462451058]""","=""1s""","=""2S""","=""1/2""","=""10p""","=""2P*""","=""1/2""",,
"=""923.150275""","=""2.1425e+05""","=""2.2172e-03""",AAA,"=""0.00000000000000""","=""13.43055424""","=""1s""","=""2S""","=""1/2""","=""9""","=""""","=""""",,
"=""923.1502850""","=""5.7848e+06""","=""1.4781e-03""",AAA,"=""0.00000000000000""","=""[13.430554098]""","=""1s""","=""2S""","=""1/2""","=""9p""","=""2P*""","=""3/2""",,
"=""923.1503193""","=""5.7847e+06""","=""7.3906e-04""",AAA,"=""0.00000000000000""","=""[13.430553600]""","=""1s""","=""2S""","=""1/2""","=""9p""","=""2P*""","=""1/2""",,
"=""926.225621017""","=""8.2547e+06""","=""2.1234e-03""",AAA,"=""0.00000000000000""","=""[13.38596078751]""","=""1s""","=""2S""","=""1/2""","=""8p""","=""2P*""","=""3/2""",,
"=""926.225670063""","=""8.2545e+06""","=""1.0617e-03""",AAA,"=""0.00000000000000""","=""[13.38596007869]""","=""1s""","=""2S""","=""1/2""","=""8p""","=""2P*""","=""1/2""",,
"=""926.225605""","=""3.8694e+05""","=""3.1850e-03""",AAA,"=""0.00000000000000""","=""13.38596103""","=""1s""","=""2S""","=""1/2""","=""8""","=""""","=""""",,
"=""930.7481751""","=""1.2362e+07""","=""3.2110e-03""",AAA,"=""0.00000000000000""","=""[13.320917704]""","=""1s""","=""2S""","=""1/2""","=""7p""","=""2P*""","=""3/2""",,
"=""930.7482489""","=""1.2362e+07""","=""1.6055e-03""",AAA,"=""0.00000000000000""","=""[13.320916647]""","=""1s""","=""2S""","=""1/2""","=""7p""","=""2P*""","=""1/2""",,
"=""930.748142""","=""7.5684e+05""","=""4.8164e-03""",AAA,"=""0.00000000000000""","=""13.32091817""","=""1s""","=""2S""","=""1/2""","=""7""","=""""","=""""",,
"=""937.803361139""","=""1.9728e+07""","=""5.2022e-03""",AAA,"=""0.00000000000000""","=""[13.22070314214]""","=""1s""","=""2S""","=""1/2""","=""6p""","=""2P*""","=""3/2""",,
"=""937.803480320""","=""1.9728e+07""","=""2.6011e-03""",AAA,"=""0.00000000000000""","=""[13.22070146198]""","=""1s""","=""2S""","=""1/2""","=""6p""","=""2P*""","=""1/2""",,
"=""937.80331""","=""1.6440e+06""","=""7.8035e-03""",AAA,"=""0.00000000000000""","=""13.22070389""","=""1s""","=""2S""","=""1/2""","=""6""","=""""","=""""",,
"=""949.7429095""","=""3.4375e+07""","=""9.2969e-03""",AAA,"=""0.00000000000000""","=""13.054501086""","=""1s""","=""2S""","=""1/2""","=""5p""","=""2P*""","=""3/2""",,
"=""949.74287""","=""4.1250e+06""","=""1.3945e-02""",AAA,"=""0.00000000000000""","=""13.0545017""","=""1s""","=""2S""","=""1/2""","=""5""","=""""","=""""",,
"=""949.7431207""","=""3.4375e+07""","=""4.6485e-03""",AAA,"=""0.00000000000000""","=""13.054498182""","=""1s""","=""2S""","=""1/2""","=""5p""","=""2P*""","=""1/2""",,
"=""972.53650""","=""1.2785e+07""","=""2.9006e-02""",AAA,"=""0.00000000000000""","=""12.7485393""","=""1s""","=""2S""","=""1/2""","=""4""","=""""","=""""",,
"=""972.536594376""","=""6.8185e+07""","=""1.9337e-02""",AAA,"=""0.00000000000000""","=""12.74853811674""","=""1s""","=""2S""","=""1/2""","=""4p""","=""2P*""","=""3/2""",,
"=""972.537026950""","=""6.8185e+07""","=""9.6686e-03""",AAA,"=""0.00000000000000""","=""12.74853244632""","=""1s""","=""2S""","=""1/2""","=""4p""","=""2P*""","=""1/2""",,
"=""1025.72182505""","=""1.6725e+08""","=""5.2761e-02""",AAA,"=""0.00000000000000""","=""12.0875071004""","=""1s""","=""2S""","=""1/2""","=""3p""","=""2P*""","=""3/2""",,
"=""1025.7220""","=""5.5751e+07""","=""7.9142e-02""",AAA,"=""0.00000000000000""","=""12.0875052""","=""1s""","=""2S""","=""1/2""","=""3""","=""""","=""""",,
"=""1025.72296565""","=""1.6725e+08""","=""2.6380e-02""",AAA,"=""0.00000000000000""","=""12.0874936591""","=""1s""","=""2S""","=""1/2""","=""3p""","=""2P*""","=""1/2""",,
"=""1215.668237310""","=""6.2647e+08""","=""2.7760e-01""",AAA,"=""0.00000000000000""","=""10.19885151459""","=""1s""","=""2S""","=""1/2""","=""2p""","=""2P*""","=""3/2""",,
"=""1215.673644608""","=""6.2648e+08""","=""1.3880e-01""",AAA,"=""0.00000000000000""","=""10.19880615024""","=""1s""","=""2S""","=""1/2""","=""2p""","=""2P*""","=""1/2""",,
"=""1215.6701""","=""4.6986e+08""","=""4.1641e-01""",AAA,"=""0.00000000000000""","=""10.1988358""","=""1s""","=""2S""","=""1/2""","=""2""","=""""","=""""",,
"=""3656.1647""","=""6.7464e+01""","=""5.4079e-05""",AAA,"=""10.1988358""","=""[13.58993566]""","=""2""","=""""","=""""","=""40""","=""""","=""""",,
"=""3656.6407""","=""7.6576e+01""","=""5.8368e-05""",AAA,"=""10.1988358""","=""[13.58949423]""","=""2""","=""""","=""""","=""39""","=""""","=""""",,
"=""3657.1549""","=""8.7206e+01""","=""6.3123e-05""",AAA,"=""10.1988358""","=""[13.58901750]""","=""2""","=""""","=""""","=""38""","=""""","=""""",,
"=""3657.7116""","=""9.9657e+01""","=""6.8410e-05""",AAA,"=""10.1988358""","=""[13.58850159]""","=""2""","=""""","=""""","=""37""","=""""","=""""",,
"=""3658.3154""","=""1.1430e+02""","=""7.4305e-05""",AAA,"=""10.1988358""","=""[13.58794208]""","=""2""","=""""","=""""","=""36""","=""""","=""""",,
"=""3658.9720""","=""1.3161e+02""","=""8.0898e-05""",AAA,"=""10.1988358""","=""[13.58733395]""","=""2""","=""""","=""""","=""35""","=""""","=""""",,
"=""3659.6876""","=""1.5216e+02""","=""8.8297e-05""",AAA,"=""10.1988358""","=""[13.58667137]""","=""2""","=""""","=""""","=""34""","=""""","=""""",,
"=""3660.4695""","=""1.7669e+02""","=""9.6627e-05""",AAA,"=""10.1988358""","=""[13.58594765]""","=""2""","=""""","=""""","=""33""","=""""","=""""",,
"=""3661.3263""","=""2.0612e+02""","=""1.0604e-04""",AAA,"=""10.1988358""","=""[13.58515502]""","=""2""","=""""","=""""","=""32""","=""""","=""""",,
"=""3662.2678""","=""2.4162e+02""","=""1.1672e-04""",AAA,"=""10.1988358""","=""[13.58428445]""","=""2""","=""""","=""""","=""31""","=""""","=""""",,
"=""3663.3056""","=""2.8474e+02""","=""1.2889e-04""",AAA,"=""10.1988358""","=""[13.58332538]""","=""2""","=""""","=""""","=""30""","=""""","=""""",,
"=""3664.4533""","=""3.3742e+02""","=""1.4281e-04""",AAA,"=""10.1988358""","=""[13.58226541]""","=""2""","=""""","=""""","=""29""","=""""","=""""",,
"=""3665.7269""","=""4.0224e+02""","=""1.5882e-04""",AAA,"=""10.1988358""","=""[13.58108984]""","=""2""","=""""","=""""","=""28""","=""""","=""""",,
"=""3667.1458""","=""4.8261e+02""","=""1.7732e-04""",AAA,"=""10.1988358""","=""[13.57978125]""","=""2""","=""""","=""""","=""27""","=""""","=""""",,
"=""3668.7327""","=""5.8304e+02""","=""1.9882e-04""",AAA,"=""10.1988358""","=""[13.57831878]""","=""2""","=""""","=""""","=""26""","=""""","=""""",,
"=""3670.5155""","=""7.0963e+02""","=""2.2395e-04""",AAA,"=""10.1988358""","=""[13.57667733]""","=""2""","=""""","=""""","=""25""","=""""","=""""",,
"=""3672.5279""","=""8.7069e+02""","=""2.5352e-04""",AAA,"=""10.1988358""","=""[13.57482645]""","=""2""","=""""","=""""","=""24""","=""""","=""""",,
"=""3674.8110""","=""1.0777e+03""","=""2.8854e-04""",AAA,"=""10.1988358""","=""[13.57272894]""","=""2""","=""""","=""""","=""23""","=""""","=""""",,
"=""3677.4160""","=""1.3467e+03""","=""3.3036e-04""",AAA,"=""10.1988358""","=""[13.57033894]""","=""2""","=""""","=""""","=""22""","=""""","=""""",,
"=""3680.4065""","=""1.7005e+03""","=""3.8070e-04""",AAA,"=""10.1988358""","=""[13.56759946]""","=""2""","=""""","=""""","=""21""","=""""","=""""",,
"=""3683.8627""","=""2.1719e+03""","=""4.4187e-04""",AAA,"=""10.1988358""","=""[13.56443886]""","=""2""","=""""","=""""","=""20""","=""""","=""""",,
"=""3687.8871""","=""2.8093e+03""","=""5.1695e-04""",AAA,"=""10.1988358""","=""[13.56076619]""","=""2""","=""""","=""""","=""19""","=""""","=""""",,
"=""3692.6119""","=""3.6851e+03""","=""6.1017e-04""",AAA,"=""10.1988358""","=""[13.55646454]""","=""2""","=""""","=""""","=""18""","=""""","=""""",,
"=""3698.2103""","=""4.9101e+03""","=""7.2738e-04""",AAA,"=""10.1988358""","=""[13.55138166]""","=""2""","=""""","=""""","=""17""","=""""","=""""",,
"=""3704.9132""","=""6.6583e+03""","=""8.7690e-04""",AAA,"=""10.1988358""","=""[13.54531624]""","=""2""","=""""","=""""","=""16""","=""""","=""""",,
"=""3713.0334""","=""9.2102e+03""","=""1.0708e-03""",AAA,"=""10.1988358""","=""[13.53799772]""","=""2""","=""""","=""""","=""15""","=""""","=""""",,
"=""3723.0035""","=""1.3032e+04""","=""1.3269e-03""",AAA,"=""10.1988358""","=""[13.52905552]""","=""2""","=""""","=""""","=""14""","=""""","=""""",,
"=""3735.4365""","=""1.8927e+04""","=""1.6728e-03""",AAA,"=""10.1988358""","=""[13.51797128]""","=""2""","=""""","=""""","=""13""","=""""","=""""",,
"=""3751.19082508""","=""4.8748e+05""","=""2.0568e-03""",AAA,"=""10.19880615024""","=""13.50400186581""","=""2p""","=""2P*""","=""1/2""","=""12d""","=""2D""","=""3/2""",,
"=""3751.191039""","=""2.9828e+04""","=""6.2925e-05""",AAA,"=""10.19880615024""","=""[13.504001678]""","=""2p""","=""2P*""","=""1/2""","=""12s""","=""2S""","=""1/2""",,
"=""3751.195789""","=""3.5544e+05""","=""1.4997e-03""",AAA,"=""10.19881052514816""","=""[13.504001867]""","=""2s""","=""2S""","=""1/2""","=""12p""","=""2P*""","=""3/2""",,
"=""3751.196027""","=""3.5544e+05""","=""7.4983e-04""",AAA,"=""10.19881052514816""","=""[13.504001658]""","=""2s""","=""2S""","=""1/2""","=""12p""","=""2P*""","=""1/2""",,
"=""3751.2244""","=""2.8337e+04""","=""2.1521e-03""",AAA,"=""10.1988358""","=""13.50400193""","=""2""","=""""","=""""","=""12""","=""""","=""""",,
"=""3751.24223202""","=""5.8495e+05""","=""1.8510e-03""",AAA,"=""10.19885151459""","=""13.50400193582""","=""2p""","=""2P*""","=""3/2""","=""12d""","=""2D""","=""5/2""",,
"=""3751.24231149""","=""9.7489e+04""","=""2.0567e-04""",AAA,"=""10.19885151459""","=""13.50400186581""","=""2p""","=""2P*""","=""3/2""","=""12d""","=""2D""","=""3/2""",,
"=""3751.242525""","=""5.9661e+04""","=""6.2932e-05""",AAA,"=""10.19885151459""","=""[13.504001678]""","=""2p""","=""2P*""","=""3/2""","=""12s""","=""2S""","=""1/2""",,
"=""3771.674243""","=""6.3659e+05""","=""2.7153e-03""",AAA,"=""10.19880615024""","=""[13.486051825]""","=""2p""","=""2P*""","=""1/2""","=""11d""","=""2D""","=""3/2""",,
"=""3771.674523""","=""3.8791e+04""","=""8.2729e-05""",AAA,"=""10.19880615024""","=""[13.486051581]""","=""2p""","=""2P*""","=""1/2""","=""11s""","=""2S""","=""1/2""",,
"=""3771.679261""","=""4.6164e+05""","=""1.9691e-03""",AAA,"=""10.19881052514816""","=""[13.486051827]""","=""2s""","=""2S""","=""1/2""","=""11p""","=""2P*""","=""3/2""",,
"=""3771.679574""","=""4.6164e+05""","=""9.8453e-04""",AAA,"=""10.19881052514816""","=""[13.486051554]""","=""2s""","=""2S""","=""1/2""","=""11p""","=""2P*""","=""1/2""",,
"=""3771.7081""","=""4.3972e+04""","=""2.8368e-03""",AAA,"=""10.1988358""","=""13.48605194""","=""2""","=""""","=""""","=""11""","=""""","=""""",,
"=""3771.726189""","=""7.6387e+05""","=""2.4437e-03""",AAA,"=""10.19885151459""","=""[13.486051916]""","=""2p""","=""2P*""","=""3/2""","=""11d""","=""2D""","=""5/2""",,
"=""3771.726294""","=""1.2731e+05""","=""2.7152e-04""",AAA,"=""10.19885151459""","=""[13.486051825]""","=""2p""","=""2P*""","=""3/2""","=""11d""","=""2D""","=""3/2""",,
"=""3771.726573""","=""7.7590e+04""","=""8.2740e-05""",AAA,"=""10.19885151459""","=""[13.486051581]""","=""2p""","=""2P*""","=""3/2""","=""11s""","=""2S""","=""1/2""",,
"=""3798.94836051""","=""8.5386e+05""","=""3.6949e-03""",AAA,"=""10.19880615024""","=""[13.46245141908]""","=""2p""","=""2P*""","=""1/2""","=""10d""","=""2D""","=""3/2""",,
"=""3798.948739""","=""5.1748e+04""","=""1.1196e-04""",AAA,"=""10.19880615024""","=""[13.462451094]""","=""2p""","=""2P*""","=""1/2""","=""10s""","=""2S""","=""1/2""",,
"=""3798.953451""","=""6.1475e+05""","=""2.6602e-03""",AAA,"=""10.19881052514816""","=""[13.462451421]""","=""2s""","=""2S""","=""1/2""","=""10p""","=""2P*""","=""3/2""",,
"=""3798.953874""","=""6.1476e+05""","=""1.3301e-03""",AAA,"=""10.19881052514816""","=""[13.462451058]""","=""2s""","=""2S""","=""1/2""","=""10p""","=""2P*""","=""1/2""",,
"=""3798.9827""","=""7.1225e+04""","=""3.8526e-03""",AAA,"=""10.1988358""","=""13.46245155""","=""2""","=""""","=""""","=""10""","=""""","=""""",,
"=""3799.00102540""","=""1.0246e+06""","=""3.3254e-03""",AAA,"=""10.19885151459""","=""13.46245154007""","=""2p""","=""2P*""","=""3/2""","=""10d""","=""2D""","=""5/2""",,
"=""3799.00116625""","=""1.7076e+05""","=""3.6947e-04""",AAA,"=""10.19885151459""","=""[13.46245141908]""","=""2p""","=""2P*""","=""3/2""","=""10d""","=""2D""","=""3/2""",,
"=""3799.001545""","=""1.0351e+05""","=""1.1198e-04""",AAA,"=""10.19885151459""","=""[13.462451094]""","=""2p""","=""2P*""","=""3/2""","=""10s""","=""2S""","=""1/2""",,
"=""3836.443947""","=""1.1836e+06""","=""5.2234e-03""",AAA,"=""10.19880615024""","=""[13.430554096]""","=""2p""","=""2P*""","=""1/2""","=""9d""","=""2D""","=""3/2""",,
"=""3836.444479""","=""7.1201e+04""","=""1.5711e-04""",AAA,"=""10.19880615024""","=""[13.430553648]""","=""2p""","=""2P*""","=""1/2""","=""9s""","=""2S""","=""1/2""",,
"=""3836.449138""","=""8.4384e+05""","=""3.7240e-03""",AAA,"=""10.19881052514816""","=""[13.430554098]""","=""2s""","=""2S""","=""1/2""","=""9p""","=""2P*""","=""3/2""",,
"=""3836.449729""","=""8.4385e+05""","=""1.8620e-03""",AAA,"=""10.19881052514816""","=""[13.430553600]""","=""2s""","=""2S""","=""1/2""","=""9p""","=""2P*""","=""1/2""",,
"=""3836.4789""","=""1.2156e+05""","=""5.4317e-03""",AAA,"=""10.1988358""","=""13.43055424""","=""2""","=""""","=""""","=""9""","=""""","=""""",,
"=""3836.497603""","=""1.4203e+06""","=""4.7011e-03""",AAA,"=""10.19885151459""","=""[13.430554262]""","=""2p""","=""2P*""","=""3/2""","=""9d""","=""2D""","=""5/2""",,
"=""3836.497800""","=""2.3671e+05""","=""5.2233e-04""",AAA,"=""10.19885151459""","=""[13.430554096]""","=""2p""","=""2P*""","=""3/2""","=""9d""","=""2D""","=""3/2""",,
"=""3836.498332""","=""1.4242e+05""","=""1.5713e-04""",AAA,"=""10.19885151459""","=""[13.430553648]""","=""2p""","=""2P*""","=""3/2""","=""9s""","=""2S""","=""1/2""",,
"=""3890.12183558""","=""1.7103e+06""","=""7.7604e-03""",AAA,"=""10.19880615024""","=""13.38596078636""","=""2p""","=""2P*""","=""1/2""","=""8d""","=""2D""","=""3/2""",,
"=""3890.12261516""","=""1.0180e+05""","=""2.3096e-04""",AAA,"=""10.19880615024""","=""13.38596014765""","=""2p""","=""2P*""","=""1/2""","=""8s""","=""2S""","=""1/2""",,
"=""3890.12717403""","=""1.2025e+06""","=""5.4563e-03""",AAA,"=""10.19881052514816""","=""[13.38596078751]""","=""2s""","=""2S""","=""1/2""","=""8p""","=""2P*""","=""3/2""",,
"=""3890.12803918""","=""1.2026e+06""","=""2.7284e-03""",AAA,"=""10.19881052514816""","=""[13.38596007869]""","=""2s""","=""2S""","=""1/2""","=""8p""","=""2P*""","=""1/2""",,
"=""3890.1577""","=""2.2148e+05""","=""8.0397e-03""",AAA,"=""10.1988358""","=""13.38596103""","=""2""","=""""","=""""","=""8""","=""""","=""""",,
"=""3890.17691799""","=""2.0523e+06""","=""6.9844e-03""",AAA,"=""10.19885151459""","=""13.385961022639""","=""2p""","=""2P*""","=""3/2""","=""8d""","=""2D""","=""5/2""",,
"=""3890.17720639""","=""3.4205e+05""","=""7.7604e-04""",AAA,"=""10.19885151459""","=""13.38596078636""","=""2p""","=""2P*""","=""3/2""","=""8d""","=""2D""","=""3/2""",,
"=""3890.17798599""","=""2.0363e+05""","=""2.3100e-04""",AAA,"=""10.19885151459""","=""13.38596014765""","=""2p""","=""2P*""","=""3/2""","=""8s""","=""2S""","=""1/2""",,
"=""3971.164910""","=""2.6093e+06""","=""1.2338e-02""",AAA,"=""10.19880615024""","=""[13.320917703]""","=""2p""","=""2P*""","=""1/2""","=""7d""","=""2D""","=""3/2""",,
"=""3971.166123""","=""1.5289e+05""","=""3.6147e-04""",AAA,"=""10.19880615024""","=""[13.320916750]""","=""2p""","=""2P*""","=""1/2""","=""7s""","=""2S""","=""1/2""",,
"=""3971.170473""","=""1.7972e+06""","=""8.4981e-03""",AAA,"=""10.19881052514816""","=""[13.320917704]""","=""2s""","=""2S""","=""1/2""","=""7p""","=""2P*""","=""3/2""",,
"=""3971.171818""","=""1.7972e+06""","=""4.2490e-03""",AAA,"=""10.19881052514816""","=""[13.320916647]""","=""2s""","=""2S""","=""1/2""","=""7p""","=""2P*""","=""1/2""",,
"=""3971.2020""","=""4.3889e+05""","=""1.2711e-02""",AAA,"=""10.1988358""","=""13.32091817""","=""2""","=""""","=""""","=""7""","=""""","=""""",,
"=""3971.222163""","=""3.1311e+06""","=""1.1104e-02""",AAA,"=""10.19885151459""","=""[13.320918056]""","=""2p""","=""2P*""","=""3/2""","=""7d""","=""2D""","=""5/2""",,
"=""3971.222611""","=""5.2183e+05""","=""1.2338e-03""",AAA,"=""10.19885151459""","=""[13.320917703]""","=""2p""","=""2P*""","=""3/2""","=""7d""","=""2D""","=""3/2""",,
"=""3971.223825""","=""3.0581e+05""","=""3.6152e-04""",AAA,"=""10.19885151459""","=""[13.320916750]""","=""2p""","=""2P*""","=""3/2""","=""7s""","=""2S""","=""1/2""",,
"=""4102.85985517""","=""4.2877e+06""","=""2.1641e-02""",AAA,"=""10.19880615024""","=""[13.22070313941]""","=""2p""","=""2P*""","=""1/2""","=""6d""","=""2D""","=""3/2""",,
"=""4102.86191087""","=""2.4501e+05""","=""6.1832e-04""",AAA,"=""10.19880615024""","=""13.22070162532""","=""2p""","=""2P*""","=""1/2""","=""6s""","=""2S""","=""1/2""",,
"=""4102.86579132""","=""2.8583e+06""","=""1.4427e-02""",AAA,"=""10.19881052514816""","=""[13.22070314214]""","=""2s""","=""2S""","=""1/2""","=""6p""","=""2P*""","=""3/2""",,
"=""4102.86807250""","=""2.8584e+06""","=""7.2136e-03""",AAA,"=""10.19881052514816""","=""[13.22070146198]""","=""2s""","=""2S""","=""1/2""","=""6p""","=""2P*""","=""1/2""",,
"=""4102.8991""","=""9.7320e+05""","=""2.2105e-02""",AAA,"=""10.1988358""","=""13.22070389""","=""2""","=""""","=""""","=""6""","=""""","=""""",,
"=""4102.92068748""","=""5.1450e+06""","=""1.9477e-02""",AAA,"=""10.19885151459""","=""13.22070369934""","=""2p""","=""2P*""","=""3/2""","=""6d""","=""2D""","=""5/2""",,
"=""4102.92144772""","=""8.5748e+05""","=""2.1641e-03""",AAA,"=""10.19885151459""","=""[13.22070313941]""","=""2p""","=""2P*""","=""3/2""","=""6d""","=""2D""","=""3/2""",,
"=""4102.92350348""","=""4.9006e+05""","=""6.1839e-04""",AAA,"=""10.19885151459""","=""13.22070162532""","=""2p""","=""2P*""","=""3/2""","=""6s""","=""2S""","=""1/2""",,
"=""4341.647191""","=""7.8548e+06""","=""4.4395e-02""",AAA,"=""10.19880615024""","=""13.054501074""","=""2p""","=""2P*""","=""1/2""","=""5d""","=""2D""","=""3/2""",,
"=""4341.651159""","=""4.2955e+05""","=""1.2139e-03""",AAA,"=""10.19880615024""","=""[13.054498464]""","=""2p""","=""2P*""","=""1/2""","=""5s""","=""2S""","=""1/2""",,
"=""4341.653824""","=""4.9483e+06""","=""2.7967e-02""",AAA,"=""10.19881052514816""","=""13.054501086""","=""2s""","=""2S""","=""1/2""","=""5p""","=""2P*""","=""3/2""",,
"=""4341.658238""","=""4.9484e+06""","=""1.3984e-02""",AAA,"=""10.19881052514816""","=""13.054498182""","=""2s""","=""2S""","=""1/2""","=""5p""","=""2P*""","=""1/2""",,
"=""4341.691""","=""2.5304e+06""","=""4.4694e-02""",AAA,"=""10.1988358""","=""13.0545017""","=""2""","=""""","=""""","=""5""","=""""","=""""",,
"=""4341.714690""","=""9.4254e+06""","=""3.9955e-02""",AAA,"=""10.19885151459""","=""[13.054502042]""","=""2p""","=""2P*""","=""3/2""","=""5d""","=""2D""","=""5/2""",,
"=""4341.716161""","=""1.5709e+06""","=""4.4395e-03""",AAA,"=""10.19885151459""","=""13.054501074""","=""2p""","=""2P*""","=""3/2""","=""5d""","=""2D""","=""3/2""",,
"=""4341.720130""","=""8.5920e+05""","=""1.2141e-03""",AAA,"=""10.19885151459""","=""[13.054498464]""","=""2p""","=""2P*""","=""3/2""","=""5s""","=""2S""","=""1/2""",,
"=""4862.6365622""","=""1.7188e+07""","=""1.2186e-01""",AAA,"=""10.19880615024""","=""12.7485381084""","=""2p""","=""2P*""","=""1/2""","=""4d""","=""2D""","=""3/2""",,
"=""4862.64488968""","=""9.6680e+06""","=""6.8544e-02""",AAA,"=""10.19881052514816""","=""12.74853811674""","=""2s""","=""2S""","=""1/2""","=""4p""","=""2P*""","=""3/2""",,
"=""4862.64631087""","=""8.5941e+05""","=""3.0465e-03""",AAA,"=""10.19880615024""","=""12.74853299663""","=""2p""","=""2P*""","=""1/2""","=""4s""","=""2S""","=""1/2""",,
"=""4862.65570389""","=""9.6682e+06""","=""3.4273e-02""",AAA,"=""10.19881052514816""","=""12.74853244632""","=""2s""","=""2S""","=""1/2""","=""4p""","=""2P*""","=""1/2""",,
"=""4862.691""","=""8.4193e+06""","=""1.1938e-01""",AAA,"=""10.1988358""","=""12.7485393""","=""2""","=""""","=""""","=""4""","=""""","=""""",,
"=""4862.71947584""","=""2.0625e+07""","=""1.0967e-01""",AAA,"=""10.19885151459""","=""12.74853999753""","=""2p""","=""2P*""","=""3/2""","=""4d""","=""2D""","=""5/2""",,
"=""4862.7230788""","=""3.4375e+06""","=""1.2186e-02""",AAA,"=""10.19885151459""","=""12.7485381084""","=""2p""","=""2P*""","=""3/2""","=""4d""","=""2D""","=""3/2""",,
"=""4862.73282785""","=""1.7190e+06""","=""3.0469e-03""",AAA,"=""10.19885151459""","=""12.74853299663""","=""2p""","=""2P*""","=""3/2""","=""4s""","=""2S""","=""1/2""",,
"=""6564.522556""","=""5.3877e+07""","=""6.9614e-01""",AAA,"=""10.19880615024""","=""12.0875070783""","=""2p""","=""2P*""","=""1/2""","=""3d""","=""2D""","=""3/2""",,
"=""6564.537685""","=""2.2448e+07""","=""2.9005e-01""",AAA,"=""10.19881052514816""","=""12.0875071004""","=""2s""","=""2S""","=""1/2""","=""3p""","=""2P*""","=""3/2""",,
"=""6564.564672""","=""2.1046e+06""","=""1.3597e-02""",AAA,"=""10.19880615024""","=""12.0874949611""","=""2p""","=""2P*""","=""1/2""","=""3s""","=""2S""","=""1/2""",,
"=""6564.584403""","=""2.2449e+07""","=""1.4503e-01""",AAA,"=""10.19881052514816""","=""12.0874936591""","=""2s""","=""2S""","=""1/2""","=""3p""","=""2P*""","=""1/2""",,
"=""6564.632""","=""4.4101e+07""","=""6.4108e-01""",AAA,"=""10.1988358""","=""12.0875052""","=""2""","=""""","=""""","=""3""","=""""","=""""",,
"=""6564.664660""","=""6.4651e+07""","=""6.2654e-01""",AAA,"=""10.19885151459""","=""12.0875115582""","=""2p""","=""2P*""","=""3/2""","=""3d""","=""2D""","=""5/2""",,
"=""6564.680232""","=""1.0775e+07""","=""6.9615e-02""",AAA,"=""10.19885151459""","=""12.0875070783""","=""2p""","=""2P*""","=""3/2""","=""3d""","=""2D""","=""3/2""",,
"=""6564.722349""","=""4.2097e+06""","=""1.3599e-02""",AAA,"=""10.19885151459""","=""12.0874949611""","=""2p""","=""2P*""","=""3/2""","=""3s""","=""2S""","=""1/2""",,
"=""8394.703""","=""1.5167e+03""","=""7.1215e-04""",AAA,"=""12.0875052""","=""[13.56443886]""","=""3""","=""""","=""""","=""20""","=""""","=""""",,
"=""8415.630""","=""1.9643e+03""","=""8.3653e-04""",AAA,"=""12.0875052""","=""[13.56076619]""","=""3""","=""""","=""""","=""19""","=""""","=""""",,
"=""8440.274""","=""2.5804e+03""","=""9.9207e-04""",AAA,"=""12.0875052""","=""[13.55646454]""","=""3""","=""""","=""""","=""18""","=""""","=""""",,
"=""8469.581""","=""3.4442e+03""","=""1.1893e-03""",AAA,"=""12.0875052""","=""[13.55138166]""","=""3""","=""""","=""""","=""17""","=""""","=""""",,
"=""8504.819""","=""4.6801e+03""","=""1.4435e-03""",AAA,"=""12.0875052""","=""[13.54531624]""","=""3""","=""""","=""""","=""16""","=""""","=""""",,
"=""8547.731""","=""6.4901e+03""","=""1.7772e-03""",AAA,"=""12.0875052""","=""[13.53799772]""","=""3""","=""""","=""""","=""15""","=""""","=""""",,
"=""8600.754""","=""9.2117e+03""","=""2.2246e-03""",AAA,"=""12.0875052""","=""[13.52905552]""","=""3""","=""""","=""""","=""14""","=""""","=""""",,
"=""8667.398""","=""1.3431e+04""","=""2.8402e-03""",AAA,"=""12.0875052""","=""[13.51797128]""","=""3""","=""""","=""""","=""13""","=""""","=""""",,
"=""8752.876""","=""2.0207e+04""","=""3.7133e-03""",AAA,"=""12.0875052""","=""13.50400193""","=""3""","=""""","=""""","=""12""","=""""","=""""",,
"=""8865.216""","=""3.1558e+04""","=""4.9988e-03""",AAA,"=""12.0875052""","=""13.48605194""","=""3""","=""""","=""""","=""11""","=""""","=""""",,
"=""9017.384""","=""5.1558e+04""","=""6.9831e-03""",AAA,"=""12.0875052""","=""13.46245155""","=""3""","=""""","=""""","=""10""","=""""","=""""",,
"=""9231.546""","=""8.9050e+04""","=""1.0239e-02""",AAA,"=""12.0875052""","=""13.43055424""","=""3""","=""""","=""""","=""9""","=""""","=""""",,
"=""9548.588""","=""1.6506e+05""","=""1.6044e-02""",AAA,"=""12.0875052""","=""13.38596103""","=""3""","=""""","=""""","=""8""","=""""","=""""",,
"=""10052.123""","=""3.3585e+05""","=""2.7700e-02""",AAA,"=""12.0875052""","=""13.32091817""","=""3""","=""""","=""""","=""7""","=""""","=""""",,
"=""10940.977868""","=""1.5649e+06""","=""5.6168e-02""",AAA,"=""12.0874936591""","=""[13.22070313941]""","=""3p""","=""2P*""","=""1/2""","=""6d""","=""2D""","=""3/2""",,
"=""10940.990411""","=""9.5508e+05""","=""3.4280e-02""",AAA,"=""12.0874949611""","=""[13.22070314214]""","=""3s""","=""2S""","=""1/2""","=""6p""","=""2P*""","=""3/2""",,
"=""10940.992486""","=""1.6906e+05""","=""3.0340e-03""",AAA,"=""12.0874936591""","=""13.22070162532""","=""3p""","=""2P*""","=""1/2""","=""6s""","=""2S""","=""1/2""",,
"=""10941.006633""","=""9.5511e+05""","=""1.7141e-02""",AAA,"=""12.0874949611""","=""[13.22070146198]""","=""3s""","=""2S""","=""1/2""","=""6p""","=""2P*""","=""1/2""",,
"=""10941.102026""","=""2.0030e+06""","=""5.3920e-02""",AAA,"=""12.0875070783""","=""(13.220703699081)""","=""3d""","=""2D""","=""3/2""","=""6f""","=""2F*""","=""5/2""",,
"=""10941.102236""","=""1.8778e+06""","=""5.0550e-02""",AAA,"=""12.0875071004""","=""13.22070369934""","=""3p""","=""2P*""","=""3/2""","=""6d""","=""2D""","=""5/2""",,
"=""10941.107403""","=""7.8242e+03""","=""1.4042e-04""",AAA,"=""12.0875070783""","=""[13.22070314214]""","=""3d""","=""2D""","=""3/2""","=""6p""","=""2P*""","=""3/2""",,
"=""10941.107643""","=""3.1296e+05""","=""5.6165e-03""",AAA,"=""12.0875071004""","=""[13.22070313941]""","=""3p""","=""2P*""","=""3/2""","=""6d""","=""2D""","=""3/2""",,
"=""10941.122261""","=""3.3815e+05""","=""3.0343e-03""",AAA,"=""12.0875071004""","=""13.22070162532""","=""3p""","=""2P*""","=""3/2""","=""6s""","=""2S""","=""1/2""",,
"=""10941.123625""","=""7.8253e+04""","=""7.0219e-04""",AAA,"=""12.0875070783""","=""[13.22070146198]""","=""3d""","=""2D""","=""3/2""","=""6p""","=""2P*""","=""1/2""",,
"=""10941.142576""","=""2.1460e+06""","=""5.1351e-02""",AAA,"=""12.0875115582""","=""(13.220703979103)""","=""3d""","=""2D""","=""5/2""","=""6f""","=""2F*""","=""7/2""",,
"=""10941.145280""","=""1.4307e+05""","=""2.5676e-03""",AAA,"=""12.0875115582""","=""(13.220703699081)""","=""3d""","=""2D""","=""5/2""","=""6f""","=""2F*""","=""5/2""",,
"=""10941.150657""","=""7.0421e+04""","=""8.4255e-04""",AAA,"=""12.0875115582""","=""[13.22070314214]""","=""3d""","=""2D""","=""5/2""","=""6p""","=""2P*""","=""3/2""",,
"=""10941.082""","=""7.7829e+05""","=""5.5870e-02""",AAA,"=""12.0875052""","=""13.22070389""","=""3""","=""""","=""""","=""6""","=""""","=""""",,
"=""12821.43203""","=""2.8263e+06""","=""1.3931e-01""",AAA,"=""12.0874936591""","=""13.054501074""","=""3p""","=""2P*""","=""1/2""","=""5d""","=""2D""","=""3/2""",,
"=""12821.44913""","=""1.6377e+06""","=""8.0722e-02""",AAA,"=""12.0874949611""","=""13.054501086""","=""3s""","=""2S""","=""1/2""","=""5p""","=""2P*""","=""3/2""",,
"=""12821.46664""","=""3.0157e+05""","=""7.4323e-03""",AAA,"=""12.0874936591""","=""[13.054498464]""","=""3p""","=""2P*""","=""1/2""","=""5s""","=""2S""","=""1/2""",,
"=""12821.48763""","=""1.6378e+06""","=""4.0364e-02""",AAA,"=""12.0874949611""","=""13.054498182""","=""3s""","=""2S""","=""1/2""","=""5p""","=""2P*""","=""1/2""",,
"=""12821.576""","=""2.2008e+06""","=""1.5066e-01""",AAA,"=""12.0875052""","=""13.0545017""","=""3""","=""""","=""""","=""5""","=""""","=""""",,
"=""12821.59706""","=""4.2394e+06""","=""1.5672e-01""",AAA,"=""12.0875070783""","=""(13.054502046336)""","=""3d""","=""2D""","=""3/2""","=""5f""","=""2F*""","=""5/2""",,
"=""12821.59742""","=""3.3915e+06""","=""1.2538e-01""",AAA,"=""12.0875071004""","=""[13.054502042]""","=""3p""","=""2P*""","=""3/2""","=""5d""","=""2D""","=""5/2""",,
"=""12821.60980""","=""1.4954e+04""","=""3.6855e-04""",AAA,"=""12.0875070783""","=""13.054501086""","=""3d""","=""2D""","=""3/2""","=""5p""","=""2P*""","=""3/2""",,
"=""12821.61025""","=""5.6525e+05""","=""1.3931e-02""",AAA,"=""12.0875071004""","=""13.054501074""","=""3p""","=""2P*""","=""3/2""","=""5d""","=""2D""","=""3/2""",,
"=""12821.64486""","=""6.0320e+05""","=""7.4332e-03""",AAA,"=""12.0875071004""","=""[13.054498464]""","=""3p""","=""2P*""","=""3/2""","=""5s""","=""2S""","=""1/2""",,
"=""12821.64830""","=""1.4956e+05""","=""1.8430e-03""",AAA,"=""12.0875070783""","=""13.054498182""","=""3d""","=""2D""","=""3/2""","=""5p""","=""2P*""","=""1/2""",,
"=""12821.65011""","=""4.5421e+06""","=""1.4926e-01""",AAA,"=""12.0875115582""","=""13.054502526""","=""3d""","=""2D""","=""5/2""","=""5f""","=""2F*""","=""7/2""",,
"=""12821.656465""","=""3.0281e+05""","=""7.4630e-03""",AAA,"=""12.0875115582""","=""(13.054502046336)""","=""3d""","=""2D""","=""5/2""","=""5f""","=""2F*""","=""5/2""",,
"=""12821.66920""","=""1.3459e+05""","=""2.2114e-03""",AAA,"=""12.0875115582""","=""13.054501086""","=""3d""","=""2D""","=""5/2""","=""5p""","=""2P*""","=""3/2""",,
"=""15196.013""","=""1.1784e+03""","=""1.0198e-03""",AAA,"=""12.7485393""","=""[13.56443886]""","=""4""","=""""","=""""","=""20""","=""""","=""""",,
"=""15264.725""","=""1.5289e+03""","=""1.2049e-03""",AAA,"=""12.7485393""","=""[13.56076619]""","=""4""","=""""","=""""","=""19""","=""""","=""""",,
"=""15345.999""","=""2.0128e+03""","=""1.4389e-03""",AAA,"=""12.7485393""","=""[13.55646454]""","=""4""","=""""","=""""","=""18""","=""""","=""""",,
"=""15443.156""","=""2.6935e+03""","=""1.7393e-03""",AAA,"=""12.7485393""","=""[13.55138166]""","=""4""","=""""","=""""","=""17""","=""""","=""""",,
"=""15560.716""","=""3.6714e+03""","=""2.1322e-03""",AAA,"=""12.7485393""","=""[13.54531624]""","=""4""","=""""","=""""","=""16""","=""""","=""""",,
"=""15704.969""","=""5.1106e+03""","=""2.6572e-03""",AAA,"=""12.7485393""","=""[13.53799772]""","=""4""","=""""","=""""","=""15""","=""""","=""""",,
"=""15884.898""","=""7.2879e+03""","=""3.3769e-03""",AAA,"=""12.7485393""","=""[13.52905552]""","=""4""","=""""","=""""","=""14""","=""""","=""""",,
"=""16113.731""","=""1.0689e+04""","=""4.3945e-03""",AAA,"=""12.7485393""","=""[13.51797128]""","=""4""","=""""","=""""","=""13""","=""""","=""""",,
"=""16411.692""","=""1.6205e+04""","=""5.8887e-03""",AAA,"=""12.7485393""","=""13.50400193""","=""4""","=""""","=""""","=""12""","=""""","=""""",,
"=""16811.129""","=""2.5565e+04""","=""8.1908e-03""",AAA,"=""12.7485393""","=""13.48605194""","=""4""","=""""","=""""","=""11""","=""""","=""""",,
"=""17366.868""","=""4.2347e+04""","=""1.1966e-02""",AAA,"=""12.7485393""","=""13.46245155""","=""4""","=""""","=""""","=""10""","=""""","=""""",,
"=""18179.104""","=""7.4593e+04""","=""1.8708e-02""",AAA,"=""12.7485393""","=""13.43055424""","=""4""","=""""","=""""","=""9""","=""""","=""""",,
"=""18755.80357""","=""5.8647e+06""","=""6.1859e-01""",AAA,"=""12.0874936591""","=""12.7485381084""","=""3p""","=""2P*""","=""1/2""","=""4d""","=""2D""","=""3/2""",,
"=""18755.840276""","=""3.0650e+06""","=""3.2329e-01""",AAA,"=""12.0874949611""","=""12.74853811674""","=""3s""","=""2S""","=""1/2""","=""4p""","=""2P*""","=""3/2""",,
"=""18755.948609""","=""6.1182e+05""","=""3.2267e-02""",AAA,"=""12.0874936591""","=""12.74853299663""","=""3p""","=""2P*""","=""1/2""","=""4s""","=""2S""","=""1/2""",,
"=""18756.001165""","=""3.0652e+06""","=""1.6166e-01""",AAA,"=""12.0874949611""","=""12.74853244632""","=""3s""","=""2S""","=""1/2""","=""4p""","=""2P*""","=""1/2""",,
"=""18756.13071""","=""1.2869e+07""","=""1.0181e+00""",AAA,"=""12.0875070783""","=""12.748539998""","=""3d""","=""2D""","=""3/2""","=""4f""","=""2F*""","=""5/2""",,
"=""18756.131346""","=""7.0376e+06""","=""5.5675e-01""",AAA,"=""12.0875071004""","=""12.74853999753""","=""3p""","=""2P*""","=""3/2""","=""4d""","=""2D""","=""5/2""",,
"=""18756.18409""","=""3.4754e+04""","=""1.8330e-03""",AAA,"=""12.0875070783""","=""12.74853811674""","=""3d""","=""2D""","=""3/2""","=""4p""","=""2P*""","=""3/2""",,
"=""18756.18495""","=""1.1729e+06""","=""6.1860e-02""",AAA,"=""12.0875071004""","=""12.7485381084""","=""3p""","=""2P*""","=""3/2""","=""4d""","=""2D""","=""3/2""",,
"=""18756.23108""","=""1.3788e+07""","=""9.6959e-01""",AAA,"=""12.0875115582""","=""12.7485409403""","=""3d""","=""2D""","=""5/2""","=""4f""","=""2F*""","=""7/2""",,
"=""18756.25782""","=""9.1919e+05""","=""4.8479e-02""",AAA,"=""12.0875115582""","=""12.748539998""","=""3d""","=""2D""","=""5/2""","=""4f""","=""2F*""","=""5/2""",,
"=""18756.311200""","=""3.1280e+05""","=""1.0998e-02""",AAA,"=""12.0875115582""","=""12.74853811674""","=""3d""","=""2D""","=""5/2""","=""4p""","=""2P*""","=""3/2""",,
"=""18756.329991""","=""1.2238e+06""","=""3.2273e-02""",AAA,"=""12.0875071004""","=""12.74853299663""","=""3p""","=""2P*""","=""3/2""","=""4s""","=""2S""","=""1/2""",,
"=""18756.34498""","=""3.4759e+05""","=""9.1662e-03""",AAA,"=""12.0875070783""","=""12.74853244632""","=""3d""","=""2D""","=""3/2""","=""4p""","=""2P*""","=""1/2""",,
"=""18756.096""","=""8.9860e+06""","=""8.4254e-01""",AAA,"=""12.0875052""","=""12.7485393""","=""3""","=""""","=""""","=""4""","=""""","=""""",,
"=""19450.890""","=""1.4242e+05""","=""3.2309e-02""",AAA,"=""12.7485393""","=""13.38596103""","=""4""","=""""","=""""","=""8""","=""""","=""""",,
"=""21661.21""","=""3.0415e+05""","=""6.5521e-02""",AAA,"=""12.7485393""","=""13.32091817""","=""4""","=""""","=""""","=""7""","=""""","=""""",,
"=""24313.62""","=""9.7511e+02""","=""1.3825e-03""",AAA,"=""13.0545017""","=""[13.56443886]""","=""5""","=""""","=""""","=""20""","=""""","=""""",,
"=""24490.00""","=""1.2683e+03""","=""1.6465e-03""",AAA,"=""13.0545017""","=""[13.56076619]""","=""5""","=""""","=""""","=""19""","=""""","=""""",,
"=""24699.88""","=""1.6747e+03""","=""1.9849e-03""",AAA,"=""13.0545017""","=""[13.55646454]""","=""5""","=""""","=""""","=""18""","=""""","=""""",,
"=""24952.545""","=""2.2490e+03""","=""2.4265e-03""",AAA,"=""13.0545017""","=""[13.55138166]""","=""5""","=""""","=""""","=""17""","=""""","=""""",,
"=""25260.91""","=""3.0788e+03""","=""3.0156e-03""",AAA,"=""13.0545017""","=""[13.54531624]""","=""5""","=""""","=""""","=""16""","=""""","=""""",,
"=""25643.27""","=""4.3084e+03""","=""3.8221e-03""",AAA,"=""13.0545017""","=""[13.53799772]""","=""5""","=""""","=""""","=""15""","=""""","=""""",,
"=""26126.48""","=""6.1848e+03""","=""4.9613e-03""",AAA,"=""13.0545017""","=""[13.52905552]""","=""5""","=""""","=""""","=""14""","=""""","=""""",,
"=""26258.342639""","=""7.1849e+05""","=""1.4854e-01""",AAA,"=""12.74853244632""","=""[13.22070313941]""","=""4p""","=""2P*""","=""1/2""","=""6d""","=""2D""","=""3/2""",,
"=""26258.373091""","=""4.4561e+05""","=""9.2125e-02""",AAA,"=""12.74853299663""","=""[13.22070314214]""","=""4s""","=""2S""","=""1/2""","=""6p""","=""2P*""","=""3/2""",,
"=""26258.426841""","=""1.1942e+05""","=""1.2344e-02""",AAA,"=""12.74853244632""","=""13.22070162532""","=""4p""","=""2P*""","=""1/2""","=""6s""","=""2S""","=""1/2""",,
"=""26258.466529""","=""4.4563e+05""","=""4.6065e-02""",AAA,"=""12.74853299663""","=""[13.22070146198]""","=""4s""","=""2S""","=""1/2""","=""6p""","=""2P*""","=""1/2""",,
"=""26258.62640""","=""1.2012e+06""","=""1.8626e-01""",AAA,"=""12.7485381084""","=""(13.220703699081)""","=""4d""","=""2D""","=""3/2""","=""6f""","=""2F*""","=""5/2""",,
"=""26258.626846""","=""8.6219e+05""","=""1.3369e-01""",AAA,"=""12.74853811674""","=""13.22070369934""","=""4p""","=""2P*""","=""3/2""","=""6d""","=""2D""","=""5/2""",,
"=""26258.65737""","=""9.4169e+03""","=""9.7344e-04""",AAA,"=""12.7485381084""","=""[13.22070314214]""","=""4d""","=""2D""","=""3/2""","=""6p""","=""2P*""","=""3/2""",,
"=""26258.657986""","=""1.4370e+05""","=""1.4855e-02""",AAA,"=""12.74853811674""","=""[13.22070313941]""","=""4p""","=""2P*""","=""3/2""","=""6d""","=""2D""","=""3/2""",,
"=""26258.68""","=""7.7110e+05""","=""1.7935e-01""",AAA,"=""12.7485393""","=""13.22070389""","=""4""","=""""","=""""","=""6""","=""""","=""""",,
"=""26258.715885""","=""1.2870e+06""","=""1.7739e-01""",AAA,"=""12.74853999753""","=""(13.220703979103)""","=""4d""","=""2D""","=""5/2""","=""6f""","=""2F*""","=""7/2""",,
"=""26258.7159""","=""1.3238e+06""","=""1.8246e-01""",AAA,"=""12.748539998""","=""(13.220703978574)""","=""4f""","=""2F*""","=""5/2""","=""6g""","=""2G""","=""7/2""",,
"=""26258.731458""","=""8.5799e+04""","=""8.8693e-03""",AAA,"=""12.74853999753""","=""(13.220703699081)""","=""4d""","=""2D""","=""5/2""","=""6f""","=""2F*""","=""5/2""",,
"=""26258.7315""","=""1.0214e+03""","=""1.0558e-04""",AAA,"=""12.748539998""","=""13.22070369934""","=""4f""","=""2F*""","=""5/2""","=""6d""","=""2D""","=""5/2""",,
"=""26258.742190""","=""2.3885e+05""","=""1.2345e-02""",AAA,"=""12.74853811674""","=""13.22070162532""","=""4p""","=""2P*""","=""3/2""","=""6s""","=""2S""","=""1/2""",,
"=""26258.75081""","=""9.4181e+04""","=""4.8679e-03""",AAA,"=""12.7485381084""","=""[13.22070146198]""","=""4d""","=""2D""","=""3/2""","=""6p""","=""2P*""","=""1/2""",,
"=""26258.75900""","=""1.3728e+06""","=""1.7739e-01""",AAA,"=""12.7485409403""","=""(13.220704146589)""","=""4f""","=""2F*""","=""7/2""","=""6g""","=""2G""","=""9/2""",,
"=""26258.762431""","=""8.4755e+04""","=""5.8409e-03""",AAA,"=""12.74853999753""","=""[13.22070314214]""","=""4d""","=""2D""","=""5/2""","=""6p""","=""2P*""","=""3/2""",,
"=""26258.7626""","=""2.1451e+04""","=""1.4783e-03""",AAA,"=""12.748539998""","=""[13.22070313941]""","=""4f""","=""2F*""","=""5/2""","=""6d""","=""2D""","=""3/2""",,
"=""26258.76834""","=""4.9028e+04""","=""5.0682e-03""",AAA,"=""12.7485409403""","=""(13.220703978574)""","=""4f""","=""2F*""","=""7/2""","=""6g""","=""2G""","=""7/2""",,
"=""26258.78387""","=""2.0429e+04""","=""1.5839e-03""",AAA,"=""12.7485409403""","=""13.22070369934""","=""4f""","=""2F*""","=""7/2""","=""6d""","=""2D""","=""5/2""",,
"=""26751.31""","=""9.1481e+03""","=""6.6338e-03""",AAA,"=""13.0545017""","=""[13.51797128]""","=""5""","=""""","=""""","=""13""","=""""","=""""",,
"=""27582.68""","=""1.4024e+04""","=""9.2122e-03""",AAA,"=""13.0545017""","=""13.50400193""","=""5""","=""""","=""""","=""12""","=""""","=""""",,
"=""28729.96""","=""2.2460e+04""","=""1.3450e-02""",AAA,"=""13.0545017""","=""13.48605194""","=""5""","=""""","=""""","=""11""","=""""","=""""",,
"=""30392.02""","=""3.7999e+04""","=""2.1044e-02""",AAA,"=""13.0545017""","=""13.46245155""","=""5""","=""""","=""""","=""10""","=""""","=""""",,
"=""32969.91""","=""6.9078e+04""","=""3.6467e-02""",AAA,"=""13.0545017""","=""13.43055424""","=""5""","=""""","=""""","=""9""","=""""","=""""",,
"=""36069.708""","=""8.4239e+02""","=""1.8253e-03""",AAA,"=""13.22070389""","=""[13.56443886]""","=""6""","=""""","=""""","=""20""","=""""","=""""",,
"=""36459.26""","=""1.0993e+03""","=""2.1963e-03""",AAA,"=""13.22070389""","=""[13.56076619]""","=""6""","=""""","=""""","=""19""","=""""","=""""",,
"=""36926.36""","=""1.4571e+03""","=""2.6803e-03""",AAA,"=""13.22070389""","=""[13.55646454]""","=""6""","=""""","=""""","=""18""","=""""","=""""",,
"=""37405.55""","=""1.3877e+05""","=""7.4503e-02""",AAA,"=""13.0545017""","=""13.38596103""","=""5""","=""""","=""""","=""8""","=""""","=""""",,
"=""37493.96""","=""1.9660e+03""","=""3.3256e-03""",AAA,"=""13.22070389""","=""[13.55138166]""","=""6""","=""""","=""""","=""17""","=""""","=""""",,
"=""38194.54""","=""2.7068e+03""","=""4.2089e-03""",AAA,"=""13.22070389""","=""[13.54531624]""","=""6""","=""""","=""""","=""16""","=""""","=""""",,
"=""39075.52""","=""3.8151e+03""","=""5.4570e-03""",AAA,"=""13.22070389""","=""[13.53799772]""","=""6""","=""""","=""""","=""15""","=""""","=""""",,
"=""40208.71""","=""5.5265e+03""","=""7.2912e-03""",AAA,"=""13.22070389""","=""[13.52905552]""","=""6""","=""""","=""""","=""14""","=""""","=""""",,
"=""40521.8664""","=""1.2381e+06""","=""6.0957e-01""",AAA,"=""12.74853244632""","=""13.054501074""","=""4p""","=""2P*""","=""1/2""","=""5d""","=""2D""","=""3/2""",,
"=""40521.9376""","=""7.3716e+05""","=""3.6293e-01""",AAA,"=""12.74853299663""","=""13.054501086""","=""4s""","=""2S""","=""1/2""","=""5p""","=""2P*""","=""3/2""",,
"=""40522.2121""","=""2.1503e+05""","=""5.2935e-02""",AAA,"=""12.74853244632""","=""[13.054498464]""","=""4p""","=""2P*""","=""1/2""","=""5s""","=""2S""","=""1/2""",,
"=""40522.3222""","=""7.3721e+05""","=""1.8148e-01""",AAA,"=""12.74853299663""","=""13.054498182""","=""4s""","=""2S""","=""1/2""","=""5p""","=""2P*""","=""1/2""",,
"=""40522.48747""","=""2.4121e+06""","=""8.9071e-01""",AAA,"=""12.7485381084""","=""(13.054502046336)""","=""4d""","=""2D""","=""3/2""","=""5f""","=""2F*""","=""5/2""",,
"=""40522.4892""","=""1.4858e+06""","=""5.4866e-01""",AAA,"=""12.74853811674""","=""[13.054502042]""","=""4p""","=""2P*""","=""3/2""","=""5d""","=""2D""","=""5/2""",,
"=""40522.6147""","=""1.8846e+04""","=""4.6395e-03""",AAA,"=""12.7485381084""","=""13.054501086""","=""4d""","=""2D""","=""3/2""","=""5p""","=""2P*""","=""3/2""",,
"=""40522.6174""","=""2.4763e+05""","=""6.0962e-02""",AAA,"=""12.74853811674""","=""13.054501074""","=""4p""","=""2P*""","=""3/2""","=""5d""","=""2D""","=""3/2""",,
"=""40522.6738""","=""4.1023e+06""","=""1.3465e+00""",AAA,"=""12.748539998""","=""(13.054502529303)""","=""4f""","=""2F*""","=""5/2""","=""5g""","=""2G""","=""7/2""",,
"=""40522.6742""","=""2.5844e+06""","=""8.4831e-01""",AAA,"=""12.74853999753""","=""13.054502526""","=""4d""","=""2D""","=""5/2""","=""5f""","=""2F*""","=""7/2""",,
"=""40522.737678""","=""1.7229e+05""","=""4.2415e-02""",AAA,"=""12.74853999753""","=""(13.054502046336)""","=""4d""","=""2D""","=""5/2""","=""5f""","=""2F*""","=""5/2""",,
"=""40522.7384""","=""2.4037e+03""","=""5.9175e-04""",AAA,"=""12.748539998""","=""[13.054502042]""","=""4f""","=""2F*""","=""5/2""","=""5d""","=""2D""","=""5/2""",,
"=""40522.76012""","=""4.2542e+06""","=""1.3091e+00""",AAA,"=""12.7485409403""","=""(13.054502819633)""","=""4f""","=""2F*""","=""7/2""","=""5g""","=""2G""","=""9/2""",,
"=""40522.69""","=""2.6993e+06""","=""1.0383e+00""",AAA,"=""12.7485393""","=""13.0545017""","=""4""","=""""","=""""","=""5""","=""""","=""""",,
"=""40522.79858""","=""1.5193e+05""","=""3.7402e-02""",AAA,"=""12.7485409403""","=""(13.054502529303)""","=""4f""","=""2F*""","=""7/2""","=""5g""","=""2G""","=""7/2""",,
"=""40522.8632""","=""4.8075e+04""","=""8.8764e-03""",AAA,"=""12.7485409403""","=""[13.054502042]""","=""4f""","=""2F*""","=""7/2""","=""5d""","=""2D""","=""5/2""",,
"=""40522.8649""","=""1.6962e+05""","=""2.7838e-02""",AAA,"=""12.74853999753""","=""13.054501086""","=""4d""","=""2D""","=""5/2""","=""5p""","=""2P*""","=""3/2""",,
"=""40522.8665""","=""5.0480e+04""","=""8.2849e-03""",AAA,"=""12.748539998""","=""13.054501074""","=""4f""","=""2F*""","=""5/2""","=""5d""","=""2D""","=""3/2""",,
"=""40522.9631""","=""4.3010e+05""","=""5.2942e-02""",AAA,"=""12.74853811674""","=""[13.054498464]""","=""4p""","=""2P*""","=""3/2""","=""5s""","=""2S""","=""1/2""",,
"=""40522.9992""","=""1.8849e+05""","=""2.3202e-02""",AAA,"=""12.7485381084""","=""13.054498182""","=""4d""","=""2D""","=""3/2""","=""5p""","=""2P*""","=""1/2""",,
"=""41707.97""","=""8.2716e+03""","=""1.0124e-02""",AAA,"=""13.22070389""","=""[13.51797128]""","=""6""","=""""","=""""","=""13""","=""""","=""""",,
"=""43764.58""","=""1.2884e+04""","=""1.4794e-02""",AAA,"=""13.22070389""","=""13.50400193""","=""6""","=""""","=""""","=""12""","=""""","=""""",,
"=""46537.74""","=""3.2528e+05""","=""2.0700e-01""",AAA,"=""13.0545017""","=""13.32091817""","=""5""","=""""","=""""","=""7""","=""""","=""""",,
"=""46725.12""","=""2.1096e+04""","=""2.3202e-02""",AAA,"=""13.22070389""","=""13.48605194""","=""6""","=""""","=""""","=""11""","=""""","=""""",,
"=""50913.21""","=""7.5169e+02""","=""2.3839e-03""",AAA,"=""13.32091817""","=""[13.56443886]""","=""7""","=""""","=""""","=""20""","=""""","=""""",,
"=""51286.62""","=""3.6881e+04""","=""4.0387e-02""",AAA,"=""13.22070389""","=""13.46245155""","=""6""","=""""","=""""","=""10""","=""""","=""""",,
"=""51692.82""","=""9.8498e+02""","=""2.9062e-03""",AAA,"=""13.32091817""","=""[13.56076619]""","=""7""","=""""","=""""","=""19""","=""""","=""""",,
"=""52636.85""","=""1.3121e+03""","=""3.6028e-03""",AAA,"=""13.32091817""","=""[13.55646454]""","=""7""","=""""","=""""","=""18""","=""""","=""""",,
"=""53797.76""","=""1.7812e+03""","=""4.5568e-03""",AAA,"=""13.32091817""","=""[13.55138166]""","=""7""","=""""","=""""","=""17""","=""""","=""""",,
"=""55251.90""","=""2.4709e+03""","=""5.9062e-03""",AAA,"=""13.32091817""","=""[13.54531624]""","=""7""","=""""","=""""","=""16""","=""""","=""""",,
"=""57114.64""","=""3.5158e+03""","=""7.8926e-03""",AAA,"=""13.32091817""","=""[13.53799772]""","=""7""","=""""","=""""","=""15""","=""""","=""""",,
"=""59082.20""","=""7.0652e+04""","=""8.3164e-02""",AAA,"=""13.22070389""","=""13.43055424""","=""6""","=""""","=""""","=""9""","=""""","=""""",,
"=""59568.45""","=""5.1562e+03""","=""1.0968e-02""",AAA,"=""13.32091817""","=""[13.52905552]""","=""7""","=""""","=""""","=""14""","=""""","=""""",,
"=""62919.18""","=""7.8457e+03""","=""1.6054e-02""",AAA,"=""13.32091817""","=""[13.51797128]""","=""7""","=""""","=""""","=""13""","=""""","=""""",,
"=""67719.93""","=""1.2503e+04""","=""2.5253e-02""",AAA,"=""13.32091817""","=""13.50400193""","=""7""","=""""","=""""","=""12""","=""""","=""""",,
"=""69467.56""","=""6.8858e+02""","=""3.1136e-03""",AAA,"=""13.38596103""","=""[13.56443886]""","=""8""","=""""","=""""","=""20""","=""""","=""""",,
"=""70927.08""","=""9.0700e+02""","=""3.8585e-03""",AAA,"=""13.38596103""","=""[13.56076619]""","=""8""","=""""","=""""","=""19""","=""""","=""""",,
"=""72716.51""","=""1.2159e+03""","=""4.8798e-03""",AAA,"=""13.38596103""","=""[13.55646454]""","=""8""","=""""","=""""","=""18""","=""""","=""""",,
"=""74597.1725""","=""3.7456e+05""","=""6.2496e-01""",AAA,"=""13.054498182""","=""[13.22070313941]""","=""5p""","=""2P*""","=""1/2""","=""6d""","=""2D""","=""3/2""",,
"=""74597.2976""","=""2.4295e+05""","=""4.0537e-01""",AAA,"=""[13.054498464]""","=""[13.22070314214]""","=""5s""","=""2S""","=""1/2""","=""6p""","=""2P*""","=""3/2""",,
"=""74597.8520""","=""8.9393e+04""","=""7.4579e-02""",AAA,"=""13.054498182""","=""13.22070162532""","=""5p""","=""2P*""","=""1/2""","=""6s""","=""2S""","=""1/2""",,
"=""74598.0517""","=""2.4296e+05""","=""2.0270e-01""",AAA,"=""[13.054498464]""","=""[13.22070146198]""","=""5s""","=""2S""","=""1/2""","=""6p""","=""2P*""","=""1/2""",,
"=""74598.2191""","=""6.7504e+05""","=""8.4476e-01""",AAA,"=""13.054501074""","=""(13.220703699081)""","=""5d""","=""2D""","=""3/2""","=""6f""","=""2F*""","=""5/2""",,
"=""74598.2244""","=""4.4948e+05""","=""5.6249e-01""",AAA,"=""13.054501086""","=""13.22070369934""","=""5p""","=""2P*""","=""3/2""","=""6d""","=""2D""","=""5/2""",,
"=""74598.4691""","=""9.5934e+03""","=""8.0037e-03""",AAA,"=""13.054501074""","=""[13.22070314214]""","=""5d""","=""2D""","=""3/2""","=""6p""","=""2P*""","=""3/2""",,
"=""74598.4757""","=""7.4915e+04""","=""6.2501e-02""",AAA,"=""13.054501086""","=""[13.22070313941]""","=""5p""","=""2P*""","=""3/2""","=""6d""","=""2D""","=""3/2""",,
"=""74598.5277""","=""7.2326e+05""","=""8.0455e-01""",AAA,"=""[13.054502042]""","=""(13.220703979103)""","=""5d""","=""2D""","=""5/2""","=""6f""","=""2F*""","=""7/2""",,
"=""74598.5300914""","=""1.0662e+06""","=""1.1860e+00""",AAA,"=""(13.054502046336)""","=""(13.220703978574)""","=""5f""","=""2F*""","=""5/2""","=""6g""","=""2G""","=""7/2""",,
"=""74598.6534""","=""4.8217e+04""","=""4.0227e-02""",AAA,"=""[13.054502042]""","=""(13.220703699081)""","=""5d""","=""2D""","=""5/2""","=""6f""","=""2F*""","=""5/2""",,
"=""74598.655424""","=""1.8609e+03""","=""1.5525e-03""",AAA,"=""(13.054502046336)""","=""13.22070369934""","=""5f""","=""2F*""","=""5/2""","=""6d""","=""2D""","=""5/2""",,
"=""74598.670""","=""1.1057e+06""","=""1.1531e+00""",AAA,"=""13.054502526""","=""(13.220704146589)""","=""5f""","=""2F*""","=""7/2""","=""6g""","=""2G""","=""9/2""",,
"=""74598.6716042""","=""1.6083e+06""","=""1.6772e+00""",AAA,"=""(13.054502529303)""","=""(13.220704146258)""","=""5g""","=""2G""","=""7/2""","=""6h""","=""2H*""","=""9/2""",,
"=""74598.745""","=""3.9489e+04""","=""3.2946e-02""",AAA,"=""13.054502526""","=""(13.220703978574)""","=""5f""","=""2F*""","=""7/2""","=""6g""","=""2G""","=""7/2""",,
"=""74598.7466311""","=""3.1591e+02""","=""2.6356e-04""",AAA,"=""(13.054502529303)""","=""(13.220703979103)""","=""5g""","=""2G""","=""7/2""","=""6f""","=""2F*""","=""7/2""",,
"=""74598.7516407""","=""1.6448e+06""","=""1.6467e+00""",AAA,"=""(13.054502819633)""","=""(13.220704258272)""","=""5g""","=""2G""","=""9/2""","=""6h""","=""2H*""","=""11/2""",,
"=""74598.8019175""","=""3.6552e+04""","=""3.0495e-02""",AAA,"=""(13.054502819633)""","=""(13.220704146258)""","=""5g""","=""2G""","=""9/2""","=""6h""","=""2H*""","=""9/2""",,
"=""74598.871""","=""3.7220e+04""","=""2.3289e-02""",AAA,"=""13.054502526""","=""13.22070369934""","=""5f""","=""2F*""","=""7/2""","=""6d""","=""2D""","=""5/2""",,
"=""74598.8723179""","=""1.1373e+04""","=""7.1164e-03""",AAA,"=""(13.054502529303)""","=""(13.220703699081)""","=""5g""","=""2G""","=""7/2""","=""6f""","=""2F*""","=""5/2""",,
"=""74598.8769446""","=""1.1057e+04""","=""7.3799e-03""",AAA,"=""(13.054502819633)""","=""(13.220703979103)""","=""5g""","=""2G""","=""9/2""","=""6f""","=""2F*""","=""7/2""",,
"=""74598.9034""","=""8.6344e+04""","=""4.8025e-02""",AAA,"=""[13.054502042]""","=""[13.22070314214]""","=""5d""","=""2D""","=""5/2""","=""6p""","=""2P*""","=""3/2""",,
"=""74598.90674""","=""3.9082e+04""","=""2.1737e-02""",AAA,"=""(13.054502046336)""","=""[13.22070313941]""","=""5f""","=""2F*""","=""5/2""","=""6d""","=""2D""","=""3/2""",,
"=""74598.4""","=""1.0254e+06""","=""1.2319e+00""",AAA,"=""13.0545017""","=""13.22070389""","=""5""","=""""","=""""","=""6""","=""""","=""""",,
"=""74599.1553""","=""1.7880e+05""","=""7.4587e-02""",AAA,"=""13.054501086""","=""13.22070162532""","=""5p""","=""2P*""","=""3/2""","=""6s""","=""2S""","=""1/2""",,
"=""74599.2233""","=""9.5946e+04""","=""4.0024e-02""",AAA,"=""13.054501074""","=""[13.22070146198]""","=""5d""","=""2D""","=""3/2""","=""6p""","=""2P*""","=""1/2""",,
"=""74950.87""","=""1.6635e+03""","=""6.3265e-03""",AAA,"=""13.38596103""","=""[13.55138166]""","=""8""","=""""","=""""","=""17""","=""""","=""""",,
"=""75025.02""","=""1.5609e+05""","=""2.3407e-01""",AAA,"=""13.22070389""","=""13.38596103""","=""6""","=""""","=""""","=""8""","=""""","=""""",,
"=""75081.07""","=""2.1174e+04""","=""4.4169e-02""",AAA,"=""13.32091817""","=""13.48605194""","=""7""","=""""","=""""","=""11""","=""""","=""""",,
"=""77803.66""","=""2.3306e+03""","=""8.4602e-03""",AAA,"=""13.38596103""","=""[13.54531624]""","=""8""","=""""","=""""","=""16""","=""""","=""""",,
"=""81548.87""","=""3.3586e+03""","=""1.1772e-02""",AAA,"=""13.38596103""","=""[13.53799772]""","=""8""","=""""","=""""","=""15""","=""""","=""""",,
"=""86644.98""","=""5.0098e+03""","=""1.7268e-02""",AAA,"=""13.38596103""","=""[13.52905552]""","=""8""","=""""","=""""","=""14""","=""""","=""""",,
"=""87600.68""","=""3.9049e+04""","=""9.1636e-02""",AAA,"=""13.32091817""","=""13.46245155""","=""7""","=""""","=""""","=""10""","=""""","=""""",,
"=""92605.26""","=""6.4524e+02""","=""4.0966e-03""",AAA,"=""13.43055424""","=""[13.56443886]""","=""9""","=""""","=""""","=""20""","=""""","=""""",,
"=""93920.13""","=""7.8037e+03""","=""2.7251e-02""",AAA,"=""13.38596103""","=""[13.51797128]""","=""8""","=""""","=""""","=""13""","=""""","=""""",,
"=""95217.22""","=""8.5550e+02""","=""5.1824e-03""",AAA,"=""13.43055424""","=""[13.56076619]""","=""9""","=""""","=""""","=""19""","=""""","=""""",,
"=""98470.25""","=""1.1562e+03""","=""6.7228e-03""",AAA,"=""13.43055424""","=""[13.55646454]""","=""9""","=""""","=""""","=""18""","=""""","=""""",,
"=""102612.63""","=""1.5979e+03""","=""8.9994e-03""",AAA,"=""13.43055424""","=""[13.55138166]""","=""9""","=""""","=""""","=""17""","=""""","=""""",,
"=""105034.94""","=""1.2870e+04""","=""4.7894e-02""",AAA,"=""13.38596103""","=""13.50400193""","=""8""","=""""","=""""","=""12""","=""""","=""""",,
"=""108035.93""","=""2.2679e+03""","=""1.2542e-02""",AAA,"=""13.43055424""","=""[13.54531624]""","=""9""","=""""","=""""","=""16""","=""""","=""""",,
"=""113087.06""","=""8.2370e+04""","=""2.6090e-01""",AAA,"=""13.32091817""","=""13.43055424""","=""7""","=""""","=""""","=""9""","=""""","=""""",,
"=""115394.81""","=""3.3253e+03""","=""1.8440e-02""",AAA,"=""13.43055424""","=""[13.53799772]""","=""9""","=""""","=""""","=""15""","=""""","=""""",,
"=""121568.26""","=""6.1733e+02""","=""5.4711e-03""",AAA,"=""13.46245155""","=""[13.56443886]""","=""10""","=""""","=""""","=""20""","=""""","=""""",,
"=""123719.1""","=""4.5608e+05""","=""1.4245e+00""",AAA,"=""13.22070389""","=""13.32091817""","=""6""","=""""","=""""","=""7""","=""""","=""""",,
"=""123871.58""","=""2.3007e+04""","=""1.0006e-01""",AAA,"=""13.38596103""","=""13.48605194""","=""8""","=""""","=""""","=""11""","=""""","=""""",,
"=""125870.65""","=""5.0797e+03""","=""2.9195e-02""",AAA,"=""13.43055424""","=""[13.52905552]""","=""9""","=""""","=""""","=""14""","=""""","=""""",,
"=""126109.61""","=""8.2526e+02""","=""7.1032e-03""",AAA,"=""13.46245155""","=""[13.56076619]""","=""10""","=""""","=""""","=""19""","=""""","=""""",,
"=""131879.86""","=""1.1269e+03""","=""9.5202e-03""",AAA,"=""13.46245155""","=""[13.55646454]""","=""10""","=""""","=""""","=""18""","=""""","=""""",,
"=""139417.6""","=""1.5782e+03""","=""1.3291e-02""",AAA,"=""13.46245155""","=""[13.55138166]""","=""10""","=""""","=""""","=""17""","=""""","=""""",,
"=""141830.7""","=""8.1919e+03""","=""5.1545e-02""",AAA,"=""13.43055424""","=""[13.51797128]""","=""9""","=""""","=""""","=""13""","=""""","=""""",,
"=""149622.5""","=""2.2796e+03""","=""1.9586e-02""",AAA,"=""13.46245155""","=""[13.54531624]""","=""10""","=""""","=""""","=""16""","=""""","=""""",,
"=""158169.5""","=""6.0262e+02""","=""7.4717e-03""",AAA,"=""13.48605194""","=""[13.56443886]""","=""11""","=""""","=""""","=""20""","=""""","=""""",,
"=""162090.9""","=""4.6762e+04""","=""2.8780e-01""",AAA,"=""13.38596103""","=""13.46245155""","=""8""","=""""","=""""","=""10""","=""""","=""""",,
"=""164117.1""","=""3.4241e+03""","=""3.1110e-02""",AAA,"=""13.46245155""","=""[13.53799772]""","=""10""","=""""","=""""","=""15""","=""""","=""""",,
"=""165944.5""","=""8.1411e+02""","=""1.0027e-02""",AAA,"=""13.48605194""","=""[13.56076619]""","=""11""","=""""","=""""","=""19""","=""""","=""""",,
"=""168806.1""","=""1.4269e+04""","=""1.0837e-01""",AAA,"=""13.43055424""","=""13.50400193""","=""9""","=""""","=""""","=""12""","=""""","=""""",,
"=""176082.4""","=""1.1267e+03""","=""1.4024e-02""",AAA,"=""13.48605194""","=""[13.55646454]""","=""11""","=""""","=""""","=""18""","=""""","=""""",,
"=""186151.4""","=""5.4172e+03""","=""5.5159e-02""",AAA,"=""13.46245155""","=""[13.52905552]""","=""10""","=""""","=""""","=""14""","=""""","=""""",,
"=""189782.2""","=""1.6062e+03""","=""2.0715e-02""",AAA,"=""13.48605194""","=""[13.55138166]""","=""11""","=""""","=""""","=""17""","=""""","=""""",,
"=""190619.2""","=""2.2720e+05""","=""1.6148e+00""",AAA,"=""13.32091817""","=""13.38596103""","=""7""","=""""","=""""","=""8""","=""""","=""""",,
"=""205146.4""","=""6.0050e+02""","=""1.0524e-02""",AAA,"=""13.50400193""","=""[13.56443886]""","=""12""","=""""","=""""","=""20""","=""""","=""""",,
"=""209205.5""","=""2.3773e+03""","=""3.3002e-02""",AAA,"=""13.48605194""","=""[13.54531624]""","=""11""","=""""","=""""","=""16""","=""""","=""""",,
"=""218419.5""","=""8.2236e+02""","=""1.4745e-02""",AAA,"=""13.50400193""","=""[13.56076619]""","=""12""","=""""","=""""","=""19""","=""""","=""""",,
"=""223315.6""","=""9.2309e+03""","=""1.1663e-01""",AAA,"=""13.46245155""","=""[13.51797128]""","=""10""","=""""","=""""","=""13""","=""""","=""""",,
"=""223404.2""","=""2.8131e+04""","=""3.1443e-01""",AAA,"=""13.43055424""","=""13.48605194""","=""9""","=""""","=""""","=""11""","=""""","=""""",,
"=""236328.7""","=""1.1587e+03""","=""2.1830e-02""",AAA,"=""13.50400193""","=""[13.55646454]""","=""12""","=""""","=""""","=""18""","=""""","=""""",,
"=""238680.1""","=""3.6992e+03""","=""5.8748e-02""",AAA,"=""13.48605194""","=""[13.53799772]""","=""11""","=""""","=""""","=""15""","=""""","=""""",,
"=""261681.9""","=""1.6929e+03""","=""3.4879e-02""",AAA,"=""13.50400193""","=""[13.55138166]""","=""12""","=""""","=""""","=""17""","=""""","=""""",,
"=""266818.7""","=""6.1190e+02""","=""1.5458e-02""",AAA,"=""[13.51797128]""","=""[13.56443886]""","=""13""","=""""","=""""","=""20""","=""""","=""""",,
"=""278033.8""","=""1.2328e+05""","=""1.8083e+00""",AAA,"=""13.38596103""","=""13.43055424""","=""8""","=""""","=""""","=""9""","=""""","=""""",,
"=""288311.4""","=""6.1856e+03""","=""1.2486e-01""",AAA,"=""13.48605194""","=""[13.52905552]""","=""11""","=""""","=""""","=""14""","=""""","=""""",,
"=""289717.2""","=""8.5323e+02""","=""2.2935e-02""",AAA,"=""[13.51797128]""","=""[13.56076619]""","=""13""","=""""","=""""","=""19""","=""""","=""""",,
"=""298394.9""","=""1.7740e+04""","=""3.4100e-01""",AAA,"=""13.46245155""","=""13.50400193""","=""10""","=""""","=""""","=""12""","=""""","=""""",,
"=""300099.9""","=""2.5962e+03""","=""6.2317e-02""",AAA,"=""13.50400193""","=""[13.54531624]""","=""12""","=""""","=""""","=""16""","=""""","=""""",,
"=""322093.2""","=""1.2323e+03""","=""3.6745e-02""",AAA,"=""[13.51797128]""","=""[13.55646454]""","=""13""","=""""","=""""","=""18""","=""""","=""""",,
"=""350402.7""","=""6.3972e+02""","=""2.4032e-02""",AAA,"=""[13.52905552]""","=""[13.56443886]""","=""14""","=""""","=""""","=""20""","=""""","=""""",,
"=""364704.6""","=""4.2709e+03""","=""1.3307e-01""",AAA,"=""13.50400193""","=""[13.53799772]""","=""12""","=""""","=""""","=""15""","=""""","=""""",,
"=""371094.8""","=""1.8658e+03""","=""6.5873e-02""",AAA,"=""[13.51797128]""","=""[13.55138166]""","=""13""","=""""","=""""","=""17""","=""""","=""""",,
"=""388429.8""","=""1.1633e+04""","=""3.6752e-01""",AAA,"=""13.48605194""","=""[13.51797128]""","=""11""","=""""","=""""","=""13""","=""""","=""""",,
"=""388697.9""","=""7.1514e+04""","=""1.9998e+00""",AAA,"=""13.43055424""","=""13.46245155""","=""9""","=""""","=""""","=""10""","=""""","=""""",,
"=""390985.7""","=""9.1446e+02""","=""3.8601e-02""",AAA,"=""[13.52905552]""","=""[13.56076619]""","=""14""","=""""","=""""","=""19""","=""""","=""""",,
"=""452348""","=""1.3689e+03""","=""6.9418e-02""",AAA,"=""[13.52905552]""","=""[13.55646454]""","=""14""","=""""","=""""","=""18""","=""""","=""""",,
"=""453408""","=""3.0257e+03""","=""1.4126e-01""",AAA,"=""[13.51797128]""","=""[13.54531624]""","=""13""","=""""","=""""","=""16""","=""""","=""""",,
"=""468906""","=""6.9026e+02""","=""4.0450e-02""",AAA,"=""[13.53799772]""","=""[13.56443886]""","=""15""","=""""","=""""","=""20""","=""""","=""""",,
"=""494876""","=""7.8842e+03""","=""3.9401e-01""",AAA,"=""13.50400193""","=""[13.52905552]""","=""12""","=""""","=""""","=""14""","=""""","=""""",,
"=""525348""","=""4.3766e+04""","=""2.1912e+00""",AAA,"=""13.46245155""","=""13.48605194""","=""10""","=""""","=""""","=""11""","=""""","=""""",,
"=""544543""","=""1.0228e+03""","=""7.2954e-02""",AAA,"=""[13.53799772]""","=""[13.56076619]""","=""15""","=""""","=""""","=""19""","=""""","=""""",,
"=""555332""","=""2.1920e+03""","=""1.4943e-01""",AAA,"=""[13.52905552]""","=""[13.55138166]""","=""14""","=""""","=""""","=""17""","=""""","=""""",,
"=""619103""","=""5.4961e+03""","=""4.2047e-01""",AAA,"=""[13.51797128]""","=""[13.53799772]""","=""13""","=""""","=""""","=""15""","=""""","=""""",,
"=""648364""","=""7.7670e+02""","=""7.6483e-02""",AAA,"=""[13.54531624]""","=""[13.56443886]""","=""16""","=""""","=""""","=""20""","=""""","=""""",,
"=""671389""","=""1.6195e+03""","=""1.5760e-01""",AAA,"=""[13.53799772]""","=""[13.55646454]""","=""15""","=""""","=""""","=""18""","=""""","=""""",,
"=""690720""","=""2.7989e+04""","=""2.3825e+00""",AAA,"=""13.48605194""","=""13.50400193""","=""11""","=""""","=""""","=""12""","=""""","=""""",,
"=""762476""","=""3.9258e+03""","=""4.4691e-01""",AAA,"=""[13.52905552]""","=""[13.54531624]""","=""14""","=""""","=""""","=""16""","=""""","=""""",,
"=""802490""","=""1.2175e+03""","=""1.6575e-01""",AAA,"=""[13.54531624]""","=""[13.56076619]""","=""16""","=""""","=""""","=""19""","=""""","=""""",,
"=""887545""","=""1.8569e+04""","=""2.5737e+00""",AAA,"=""13.50400193""","=""[13.51797128]""","=""12""","=""""","=""""","=""13""","=""""","=""""",,
"=""926365""","=""2.8644e+03""","=""4.7334e-01""",AAA,"=""[13.53799772]""","=""[13.55138166]""","=""15""","=""""","=""""","=""17""","=""""","=""""",,
"=""949547""","=""9.2951e+02""","=""1.7390e-01""",AAA,"=""[13.55138166]""","=""[13.56443886]""","=""17""","=""""","=""""","=""20""","=""""","=""""",,
"=""1112136""","=""2.1295e+03""","=""4.9975e-01""",AAA,"=""[13.54531624]""","=""[13.55646454]""","=""16""","=""""","=""""","=""18""","=""""","=""""",,
"=""1118563""","=""1.2709e+04""","=""2.7648e+00""",AAA,"=""[13.51797128]""","=""[13.52905552]""","=""13""","=""""","=""""","=""14""","=""""","=""""",,
"=""1321156""","=""1.6097e+03""","=""5.2616e-01""",AAA,"=""[13.55138166]""","=""[13.56076619]""","=""17""","=""""","=""""","=""19""","=""""","=""""",,
"=""1386510""","=""8.9344e+03""","=""2.9560e+00""",AAA,"=""[13.52905552]""","=""[13.53799772]""","=""14""","=""""","=""""","=""15""","=""""","=""""",,
"=""1554790""","=""1.2350e+03""","=""5.5254e-01""",AAA,"=""[13.55646454]""","=""[13.56443886]""","=""18""","=""""","=""""","=""20""","=""""","=""""",,
"=""1694110""","=""6.4283e+03""","=""3.1470e+00""",AAA,"=""[13.53799772]""","=""[13.54531624]""","=""15""","=""""","=""""","=""16""","=""""","=""""",,
"=""2044120""","=""4.7203e+03""","=""3.3380e+00""",AAA,"=""[13.54531624]""","=""[13.55138166]""","=""16""","=""""","=""""","=""17""","=""""","=""""",,
"=""2439250""","=""3.5289e+03""","=""3.5291e+00""",AAA,"=""[13.55138166]""","=""[13.55646454]""","=""17""","=""""","=""""","=""18""","=""""","=""""",,
"=""2882250""","=""2.6808e+03""","=""3.7201e+00""",AAA,"=""[13.55646454]""","=""[13.56076619]""","=""18""","=""""","=""""","=""19""","=""""","=""""",,
"=""3375860""","=""2.0659e+03""","=""3.9108e+00""",AAA,"=""[13.56076619]""","=""[13.56443886]""","=""19""","=""""","=""""","=""20""","=""""","=""""",,
"=""302478400""","=""6.5962e-07""","=""1.8095e-05""",AAA,"=""10.19881052514816""","=""10.19885151459""","=""2s""","=""2S""","=""1/2""","=""2p""","=""2P*""","=""3/2""",,
"=""923930000""","=""8.6794e-08""","=""2.2216e-05""",AAA,"=""12.0874936591""","=""12.0875070783""","=""3p""","=""2P*""","=""1/2""","=""3d""","=""2D""","=""3/2""",,
"=""1021346000""","=""1.0280e-07""","=""3.2154e-05""",AAA,"=""12.0874949611""","=""12.0875071004""","=""3s""","=""2S""","=""1/2""","=""3p""","=""2P*""","=""3/2""",,
"=""2189700000""","=""2.7818e-08""","=""3.9994e-05""",AAA,"=""12.74853244632""","=""12.7485381084""","=""4p""","=""2P*""","=""1/2""","=""4d""","=""2D""","=""3/2""",,
"=""2421520000""","=""2.5712e-08""","=""4.5207e-05""",AAA,"=""12.74853299663""","=""12.74853811674""","=""4s""","=""2S""","=""1/2""","=""4p""","=""2P*""","=""3/2""",,
"=""2781250000""","=""3.8183e-09""","=""6.6420e-06""",AAA,"=""12.0875071004""","=""12.0875115582""","=""3p""","=""2P*""","=""3/2""","=""3d""","=""2D""","=""5/2""",,
"=""4288000000""","=""1.0132e-08""","=""5.5850e-05""",AAA,"=""13.054498182""","=""13.054501074""","=""5p""","=""2P*""","=""1/2""","=""5d""","=""2D""","=""3/2""",,
"=""4728130000""","=""8.6353e-09""","=""5.7882e-05""",AAA,"=""[13.054498464]""","=""13.054501086""","=""5s""","=""2S""","=""1/2""","=""5p""","=""2P*""","=""3/2""",,
"=""6562000000""","=""7.2369e-10""","=""7.0070e-06""",AAA,"=""12.7485381084""","=""12.748539998""","=""4d""","=""2D""","=""3/2""","=""4f""","=""2F*""","=""5/2""",,
"=""6592100000""","=""1.2235e-09""","=""1.1956e-05""",AAA,"=""12.74853811674""","=""12.74853999753""","=""4p""","=""2P*""","=""3/2""","=""4d""","=""2D""","=""5/2""",,
"=""12980000000""","=""4.3856e-10""","=""1.6608e-05""",AAA,"=""13.054501086""","=""[13.054502042]""","=""5p""","=""2P*""","=""3/2""","=""5d""","=""2D""","=""5/2""",,
"=""13151000000""","=""9.6310e-11""","=""3.3296e-06""",AAA,"=""12.74853999753""","=""12.7485409403""","=""4d""","=""2D""","=""5/2""","=""4f""","=""2F*""","=""7/2""",,
"=""25600000000""","=""4.6551e-11""","=""6.1053e-06""",AAA,"=""[13.054502042]""","=""13.054502526""","=""5d""","=""2D""","=""5/2""","=""5f""","=""2F*""","=""7/2""",,